{"cameraMode":{"drawMode":0,"name":"Shaded","section":"Shading Mode"},"sceneLighting":false,"audioPlay":false,"sceneViewState":{"m_AlwaysRefresh":false,"showFog":true,"showSkybox":false,"showFlares":true,"showImageEffects":true,"showParticleSystems":true,"showVisualEffectGraphs":true,"m_FxEnabled":true},"in2DMode":false,"pivot":{"x":-0.22999703884124757,"y":2.0253076553344728,"z":10.479999542236329},"rotation":{"x":-0.05677231028676033,"y":0.015571202151477337,"z":-0.0008856459753587842,"w":-0.9982671141624451},"size":2.459512233734131,"orthographic":false}