{"cameraMode":{"drawMode":0,"name":"Shaded","section":"Shading Mode"},"sceneLighting":false,"audioPlay":false,"sceneViewState":{"m_AlwaysRefresh":false,"showFog":true,"showSkybox":false,"showFlares":true,"showImageEffects":true,"showParticleSystems":true,"showVisualEffectGraphs":true,"m_FxEnabled":true},"in2DMode":false,"pivot":{"x":-10.50646686553955,"y":0.03256940841674805,"z":-0.10971790552139282},"rotation":{"x":0.23713847994804383,"y":-0.07704263180494309,"z":-0.018869483843445779,"w":-0.9682343602180481},"size":3.3210668563842775,"orthographic":false}