{"cameraMode":{"drawMode":0,"name":"Shaded","section":"Shading Mode"},"sceneLighting":false,"audioPlay":false,"sceneViewState":{"m_AlwaysRefresh":false,"showFog":true,"showSkybox":false,"showFlares":true,"showImageEffects":true,"showParticleSystems":true,"showVisualEffectGraphs":true,"m_FxEnabled":true},"in2DMode":false,"pivot":{"x":0.0000011920928955078126,"y":-1.51637601852417,"z":9.934009552001954},"rotation":{"x":-0.14675553143024445,"y":-0.12045128643512726,"z":0.018010219559073449,"w":-0.9816594123840332},"size":3.657127618789673,"orthographic":false}